x1,x2,x3,x4,y
-2.82631458666235,6.193721082737938,6455.827411952159,0.0,15.940376760703511
-1.3213058857913054,1.6050635506320188,1567.8135806587434,0.0,9.595694058490878
-2.785450638439042,4.584885486061768,4865.243271064897,1.0,17.46955748155649
0.9947928377159698,-0.033382499067233784,4065.6515688842787,1.0,18.29396167805489
-0.24920113040153868,-0.07100243332762712,5146.120792063628,0.0,10.969085165448789
-2.6179500041071817,5.3659697558614035,4658.572478812425,0.0,14.658258696710861
0.03856557803868643,3.559392195323849,8030.283527744076,0.0,11.266358417635777
-2.857596247382224,4.6585681564945745,3225.4591047160266,1.0,17.501296972030335
0.06738360563869694,3.444786210881169,6636.30501670831,0.0,10.849116882149385
0.48363544393198277,1.0332389074680797,20.161996607912506,1.0,11.21633549383092
2.619995448985729,-1.172615399608477,1428.7353291929483,0.0,18.906248592523145
-0.6701779258219815,1.8457962006411828,6982.3202036176735,0.0,10.39941639996449
0.762640378315889,-0.14102382541030534,2407.5332955304707,0.0,11.268518100777136
-0.39491572829414334,3.396146445484571,8452.744001021369,0.0,9.833962849426035
0.21186821548006218,1.8632299953806697,1697.5832179121708,0.0,8.725744831843942
1.6531025838794857,-0.04011917588859165,7825.153380187684,0.0,16.16045396213065
0.6317748469968381,1.2673046525056186,1470.5649172936508,0.0,11.061328348063078
0.8091089994642253,2.1600452349834214,8611.172358771655,1.0,18.272469371354234
1.3879684593491444,-0.9839238731019051,6755.393179418896,0.0,13.144485142241697
0.3609453632638564,1.297063317498926,1125.6210349143314,1.0,14.799361338709305
0.5564330104169852,0.3826735476481222,2702.036118761043,1.0,16.579164606023532
2.577890134768552,-0.9598608990930881,8456.080611075562,1.0,27.31796692936836
-1.0241572180537761,4.2995324664692145,6496.372213951216,0.0,10.387294886244817
-0.5598120398692812,1.0981645144069023,5238.6271402566,0.0,9.642569553560497
2.5817136102743614,-0.4375015646182786,1886.7767046695938,0.0,19.328291800480557
1.9041493758774672,0.5548777940671761,6503.901778253632,1.0,23.200269884723575
-0.8803728244815332,3.720100631939328,7792.518601799426,1.0,14.351032331806618
2.8622743919580644,0.9435025677177771,6210.223002178166,1.0,29.636462503743584
-1.2185862924398407,2.7195494765282615,7070.857686046083,0.0,11.413204725369917
1.4597905104840274,1.2908401157072327,5579.481441246974,0.0,13.616721954020445
-1.1423450389266117,3.021304729461176,9322.389721256362,0.0,11.649531069485988
1.8873600900237406,0.7667101871307219,6765.539783396412,1.0,23.219558858008448
0.6116991865320589,2.0760507990857517,8150.869316391746,1.0,17.2734562302894
-2.216563072766342,5.107512409184123,1492.7774090995372,1.0,15.370533827613581
-0.1629218153112162,3.2859157298600135,6875.950543251982,0.0,11.328765008105226
-1.6061014820057784,3.7008963787410125,9675.35240505967,1.0,15.983216038221306
1.5484266705805538,1.2736001696524089,9842.672106837375,1.0,22.206855214855448
-0.637944901590699,1.7868208648722939,1802.4573151259726,0.0,9.32598983321094
1.981551569136454,0.10353424677619893,4660.35558650605,1.0,22.934514633354837
2.319207987948854,-1.9148737263768552,2802.5636454247606,1.0,25.583734109840883
-1.8103133478752222,2.0961698090955503,5229.968726980756,0.0,11.834598320925258
1.19350193410368,-1.9449196895259724,3923.34752691492,0.0,13.521271229816836
2.816581343389542,-0.5774624909124696,9410.978624683186,1.0,29.378935735643257
-2.766921740430627,4.756842643544321,4234.092985019325,0.0,15.028491513356235
2.88968608177957,-1.8486613599457695,8267.16409773396,0.0,22.707918968124286
2.182307650435634,-0.6766762291842732,3702.7652200545867,0.0,17.21161959245719
-2.070508262132523,3.3048213560144895,8225.869723849482,1.0,15.977901084802088
0.44043288588536633,0.9479410683482273,845.5455236881437,0.0,9.86078573403463
-1.3712363776256706,4.948871959580341,4541.5380979386,1.0,14.41277825386894
2.0958748214572402,1.2492532805213152,4497.932691151355,0.0,16.54497280767546
1.2065129341612577,0.5859801591789956,3189.316479874127,1.0,19.10036231362475
1.7583361729439364,1.2142157673251348,9471.217941746903,0.0,14.279215478565675
0.7845204050953583,0.7748790324525249,3857.125570705996,0.0,11.708260395677067
-1.9775259655095125,3.557403083006193,424.93474062070493,0.0,10.22672447909727
0.1685174394789577,2.4708295482686884,7881.35694172215,0.0,10.879195357235254
1.2023237466116594,0.16544321251251604,6311.063738722066,1.0,20.265606855531143
-2.8778353474436207,4.37677472279984,6393.2871295225505,1.0,17.402669345527816
-1.3551869615301042,3.7229645886704024,111.72197883216994,1.0,10.93061726183048
2.5999801471397266,-0.6839434115524976,2212.8703361279013,0.0,19.184519151377057
-1.8305398665286092,2.2549077532085207,8736.113691822646,0.0,12.633113306035257
2.477749458088099,-0.4862951631845896,3162.6235042658923,1.0,27.107096290435262
-2.656607404901575,6.234878570507624,5358.262179194821,1.0,16.841986054613322
-0.013027665959095991,2.235839708751233,1254.785421233302,1.0,14.566299049420024
0.09678419740430133,1.407552352933629,4027.6831095348552,0.0,11.191239522736872
-1.6673904877694083,4.409938698543884,2063.8514590498858,1.0,12.87660647942877
-1.9526054945773192,4.351492130408131,6339.5754271983415,1.0,15.790073151748722
-2.013334441018537,4.686085366520608,4179.100593324038,1.0,15.10257472795551
2.8648183600064376,-1.8152876745385287,2078.9233503231253,1.0,28.635378409244144
1.986738459312713,-1.3843488383462124,1486.0848603984932,0.0,16.007877750799043
-2.950514069264922,6.269558627510502,7656.956339850065,0.0,16.878509893152923
2.7124604724810606,-0.19815179198118116,9731.229656052219,0.0,21.019920754441117
-1.9491640971130364,4.6254885102742405,1859.188707507059,1.0,13.69733029911816
-0.05765482778468067,3.36117183620385,1032.4100786266965,0.0,9.160383493909046
1.6826355005889928,-0.2579565365405262,4630.402456920219,0.0,15.580879389005915
-0.014586192657162655,3.4533898037733612,2520.920534083292,0.0,10.438682264152197
0.946537009734568,1.7531999939049134,6049.253783327742,1.0,18.594995293020702
-1.0541878048991493,3.5761995894802796,8064.107524384304,1.0,14.766467474638146
-1.1266009550569893,4.711958091451667,4808.340645563802,1.0,14.405516887519228
-1.8875758426192928,3.998240667015311,3385.750847883352,0.0,11.741224069457022
2.0602434803579133,-1.2246374543997531,2588.616666914072,1.0,23.85199738228272
-1.0129385808312354,3.061067398807711,7566.657290911594,0.0,10.850997720163164
2.2296794298908864,0.8264698934532126,8492.261867300243,0.0,18.466716433164525
0.9286234961831128,1.3942659479465134,9033.870785576239,0.0,12.888632454970567
1.3157231206473945,1.4510483714825244,1003.8217142259409,0.0,11.043809201815316
-0.6610074178781189,2.0043694462592843,5315.272458798238,1.0,13.48302984574785
2.5472815123089427,-0.5979319232185465,504.2476512609351,0.0,17.705160475128967
-1.6958558838240627,3.84714281706812,1964.524829823755,1.0,14.562362190047374
-2.419906829353105,4.664063860625779,9330.969639250987,0.0,14.777762677214357
-0.6454336868823725,1.652501004982176,4805.179923451781,0.0,10.002549422148254
1.7813698108959413,0.47586323569103484,3046.2505089648685,0.0,15.107373622609456
-1.4572872115161535,3.171465924073018,8571.066635969588,1.0,16.128710021161027
-1.1442611432031637,1.3795537258775845,7832.3939564243865,1.0,15.44024837484555
0.8522952952645158,1.9175353595616886,5431.893722782137,0.0,12.843963441527473
1.1510986152076557,0.9009885452125257,4989.32595225377,0.0,13.236410930611592
1.7793645609634439,1.139665366436483,5215.956684558783,0.0,14.093149508868262
0.5391710005497332,2.156438124950508,316.8051098436797,1.0,14.604359618425736
0.8859574296124806,1.9636895329490338,8991.762750983587,1.0,18.838693279845437
0.2738622747008437,1.048325938857555,3573.468619650327,0.0,10.072024749592421
-1.9406234892719783,4.632810542625029,1893.6328494703614,0.0,11.258652589531726
0.653902698690831,0.26622155207260856,5451.0945423197,0.0,11.342305059297559
-0.016848459165697882,0.7173367831190707,3477.640100468902,0.0,9.777991271647565
1.1787671169612732,1.2093806963417832,5677.432978364408,0.0,13.93004117762742
1.5219713346163415,2.0788170272476316,6411.749332921583,0.0,15.396823154722776
2.9572863409225016,0.4267365805612886,728.351664928134,0.0,20.462186272631868
2.1021318377591482,0.9722903710071111,4237.979113319477,1.0,24.68580908194692
0.5840971608011678,0.2895606635166277,2835.5836407404554,0.0,10.99097757275517
2.6810944556737386,-1.3390762077000768,3011.3320412944568,0.0,19.796472134881483
0.7496969562961544,1.5337990601075353,1765.0579301090986,1.0,16.228729013732202
-0.1323069296943724,2.4496155506219655,933.3204569059284,1.0,13.283107501673102
-0.5831425396367442,2.8926019610573857,5213.818751117631,0.0,10.186957287879114
1.8468299930753815,-0.1477269602437864,2684.176687050387,1.0,22.385802508211704
-0.038488924206883546,1.096701366334964,5017.5235553303655,1.0,15.126248571803817
-0.8042991695343229,1.6415679254110893,4872.89840219509,1.0,14.138716590801407
-2.4555738437711945,4.062217587986376,2551.8994857262346,1.0,16.0360470704085
1.3615816914287198,1.2339957532923456,8682.495547012148,0.0,14.390062161421307
-0.9177488129367681,0.2400739883406806,270.88285186832263,1.0,12.282228569825014
-0.6803026554571048,1.8505246861737832,3091.873170625594,0.0,10.49946788129512
1.3371141164215317,0.6004183318369595,8679.923557419483,1.0,20.29944886596957
1.5875592125331854,-0.980044351076929,5662.768265124172,1.0,21.920654908745746
2.7201581508482615,-1.8491689777500242,6111.715402513426,0.0,19.94132425966785
2.1894774012555045,0.2456793915439071,3610.7431056952078,1.0,24.896505073930566
2.27593568548635,0.2652317921917484,1420.4479796021985,1.0,23.574210143009097
1.4914667124497845,0.8483589828549476,7397.6346968648395,1.0,21.074858897095883
2.9754918568859257,-0.43614017772491476,5572.062872706752,1.0,30.444479960703188
2.673455292258783,0.24746166295694205,5463.513621989774,0.0,20.910893262317035
-1.4707292405507433,5.45014951717774,319.3844562822989,0.0,7.435417663768504
-0.9092720096851687,2.4335818814792787,3850.8291281387287,0.0,9.881839392908363
-1.329142589244837,3.1681260925990355,8872.932597073288,0.0,11.15815882113074
0.43697699241907006,0.33224801485551403,164.39551471442604,0.0,7.2311844060526775
-0.32072231454560285,1.5469067331936464,4933.365318715821,0.0,9.954012257452993
-2.000778839809935,3.0100428269377977,4144.063105323959,1.0,15.882910978326567
2.6262023922406703,1.1062387078944165,2194.940798400502,0.0,19.285343712240568
0.9824587401514959,0.47027286725585715,3869.4484235989426,0.0,13.511262231451258
1.8395672641205358,-1.0657609445600584,7816.062562630185,1.0,22.947114361666504
-1.1576499591844192,3.400655051347813,1430.7950052877006,0.0,8.78844460746511
-2.888942812424508,4.2088074752629945,9878.799815558728,0.0,15.87447763057886
0.3953503580033493,0.09443013400477152,970.8831620483094,0.0,9.742270345347556
-1.5835569648088668,2.740298076008366,3332.036427912198,1.0,14.44346890486402
-0.07915597917440564,1.1197969458197594,7347.992865881489,0.0,11.33525419724338
-2.3297476711165865,4.15275637373963,2948.2664670695535,0.0,12.90315734459571
0.44596277069068213,2.8096439987836224,4211.651533628728,0.0,10.652822810915302
2.4511183191468042,-0.3598182263318338,8481.041850690643,1.0,25.790773584218407
-0.5284306642154699,1.8103479606053616,1347.5250256835013,1.0,13.222284062403178
-1.1755648711740783,3.8389810751698303,8268.613217741837,1.0,15.273290823899568
-0.4396767457389421,2.9043885444637905,2109.3644375342446,1.0,14.844323331744366
0.4842443442594915,2.0449473859697305,7985.695153619557,0.0,12.290558949321614
-1.4596657214034892,3.0553206600156124,335.069282696161,0.0,9.206124916224008
-1.4311202129302831,4.534351136958383,7737.950648215756,0.0,11.87687813541252
-1.8047081391073139,4.869990209735826,619.2492228205671,1.0,13.044956998469603
1.9534491151147089,-0.4676430576981928,9754.811314791325,0.0,16.80622011903687
2.7017859423001704,-1.7213937416719152,8743.897458082844,0.0,20.92842418601128
0.47901787381778593,2.5378682297945936,2478.2324824333477,0.0,11.194925925324691
1.397388664799454,-1.5324032037113393,4948.041489398771,0.0,13.98050303362906
0.7013208508834619,0.8810558460033016,4560.098076009378,1.0,17.382333510572362
0.5916273034052102,2.004359984169099,6638.945515355708,1.0,17.993357190200165
-1.3663184670510071,4.984691536020409,9451.656465518337,0.0,11.443935173228283
1.911131264400237,1.4031386923873799,5237.267240921017,1.0,23.176081296575365
-0.12562540654924437,1.9355081574196609,8127.925271826371,1.0,16.330371688836728
0.1531940092441495,0.9599654397968493,5508.020469730378,0.0,10.872314955899414
2.7375021740433336,-2.116877700112995,9398.860568939821,0.0,21.465787234614066
2.9228020611597065,-0.20448172501644302,5535.560751676979,0.0,23.216724177864926
-1.8392049858338144,4.259213594246584,7412.218638103908,1.0,15.767051428679563
-2.7057529253113053,5.179730449803925,6600.691299200481,1.0,17.309335869913532
1.3332035148944543,0.5806242556261945,2791.216367328085,1.0,19.975373088405558
-1.0662321992812924,1.9910033999887546,4328.229444251913,1.0,13.8282969378804
2.3281710246512732,-1.4010399872175108,4380.911984048172,1.0,25.01120427453085
1.7334142975454014,0.035593485015214116,4240.1481660842965,1.0,22.754489115228118
1.4328549268958142,1.8846668328551597,1856.8276234023285,0.0,13.084943157789786
-1.7801727285061046,1.8553391022816343,4074.240120591853,0.0,11.470945443672738
0.2908306593127481,1.1333946236403474,9218.120762435767,0.0,11.877886089783855
1.493085476064958,1.8269218879555418,5985.946534366283,0.0,15.591346594241504
0.950235408337528,2.4602567238418898,7609.933065356064,0.0,12.396710432016363
-2.0308729061484563,3.605005221104876,3976.642923071666,0.0,12.324626265721292
0.3685770913807449,2.8208577415509968,7257.733535088667,1.0,16.940448840069323
2.5241912181583928,-1.439015697170368,4699.996207595779,1.0,26.58738250832098
0.8817732508242657,0.6607385914846243,3089.665191381431,1.0,17.681085418624782
-0.87038273812116,2.6272950239536357,9175.94013076699,1.0,15.35157065256897
0.3926853432909483,0.3313815235200499,9573.375966890178,1.0,17.09423076220432
-2.6637166150159857,5.458365733911302,6816.487370252845,1.0,17.8399759130144
1.9156725272880637,-0.8353631391133591,4266.683325809518,1.0,23.109736082471763
2.654777206425832,-2.220418894193442,3105.356221021599,0.0,19.597185964564382
1.8561342323826082,0.38815654099490016,2225.0986094993987,1.0,21.407990076607813
-2.8467029257555274,4.532041242863639,4391.591133942756,1.0,17.32538966631134
1.057802298122807,0.7216118060966361,2196.9758565973916,0.0,10.812713667903747
-1.5240400234937532,3.0294319814079316,8834.937582138371,1.0,15.513268563871371
-1.9888899572620489,4.357526135371353,3243.1534457774114,1.0,14.932370560907707
2.689625110146351,1.2219194468455397,2569.8493301686044,0.0,19.244781559064165
2.103198963267502,-1.5508257106311165,5051.522547390651,1.0,24.578142220997584
1.6521392274484379,0.23546721464763504,4614.657458173416,0.0,14.841713172371946
-2.8865662765183253,5.9853596246816885,4454.052793731635,1.0,16.950628738816544
1.3375083354625072,-0.4595751868139759,7917.1452485230775,0.0,13.884720934711027
1.2875556115090658,-0.25009003568931654,9973.952974245864,0.0,14.63812192834405
-2.1388298743606216,3.989139451287026,7872.1019995333345,1.0,16.381338376295115
0.927222218670428,2.6903077866098677,3218.4230817920134,1.0,17.343073651152622
-1.7760541024228347,4.9594466308923435,1440.4670238579665,0.0,9.89534691743751
1.7920122642875835,0.1608828473271707,4163.43443748353,1.0,21.725866957907414
1.6575690166137287,-1.6793917207179065,1512.9092517788522,0.0,13.88803255038725
-2.0043576612160434,5.827010677985307,7635.865919500096,0.0,12.504236077700108
-2.838110437909905,3.5287113503368013,2060.005747413719,0.0,14.9766584818136
0.4625625844876824,0.8155532755943437,1173.560079503222,0.0,9.384500172027339
-1.032086210229219,1.8289781394468778,5643.154586675052,0.0,10.583846461857236
-0.3100223440601182,2.3406503527814495,765.157661822331,0.0,8.973246151776213
2.932631152214695,-1.0960842629829624,1398.8061597932865,0.0,21.37193717703626
0.50588699871212,3.8237346365290343,7106.790208145118,1.0,16.961071408695553
1.5882247352902201,0.1687843008374698,6167.94169749484,1.0,21.624524805419124
2.5056001463504787,-1.192731321853407,8243.00437448769,0.0,19.562625268737236
2.7929724142373002,-1.4241948545563403,945.6781536111281,0.0,19.31883109510659
1.829439507888159,-0.0568595301457448,1380.0397664867337,1.0,20.893420322058237
1.766151066631899,0.9249958674163061,8275.423956235249,0.0,15.435543175408982
1.7837387104146867,0.9540085959637009,5210.163569722257,0.0,14.669334120592854
-0.7526208036339925,2.369409744597313,8460.579008986599,1.0,14.760219368754937
1.9048905750906515,-1.1374089142373796,15.994955118868717,1.0,17.79792177570988
-0.5171229439747451,1.5194382468138976,9979.950550481017,0.0,11.373670316868346
-1.9428340279255092,6.189891977536027,3330.11028265372,0.0,11.760775857830055
2.0538475613458846,-1.1992318547380052,1089.2809563376493,0.0,14.873765048944195
1.514435178490257,-1.172076410042168,510.6003546653637,0.0,11.594851400951915
1.4952888079409377,0.0983489681544748,5416.8508256727,0.0,14.258697955848607
-1.625578389437813,3.7452474347384936,975.6784904452087,1.0,14.012185844323742
-1.0832184590075071,3.0147466537274976,9303.570181399913,0.0,10.556130709534635
-2.0624081157851784,3.795007864981905,3963.844459209025,1.0,15.973053533271086
2.706707328455199,0.16694832388567493,668.5166181381774,1.0,26.847649710746342
-1.25565688150221,3.048907491929124,9799.73412985805,0.0,11.844318163874629
0.8894027589096907,0.33588514449642237,6122.437413926883,1.0,18.341667739499417
-0.11552577049074397,3.7048441304560096,1028.9620300884385,0.0,8.693197751826533
2.0062696510735964,1.014569625264258,6228.813844046895,0.0,16.792592070092894
-1.7085550020452613,3.482350604633397,5215.552773507099,1.0,14.399088875006878
-2.052620999265139,4.010257823855039,446.7439195783451,1.0,12.603614250254143
-2.7987811310635697,3.840142521625162,4859.969355728388,0.0,15.440877532277208
-1.9978390950735503,2.645740337941547,9165.311155527528,1.0,16.608316757886048
-1.7232664532327293,2.8682789199448013,8478.7952584507,0.0,12.68227141499435
-2.016934263351647,3.842690591499898,4853.080831229363,1.0,15.809421539939416
1.0611996783198698,1.7720668587895703,5620.582029785735,0.0,12.128863541406632
1.2132378118003029,1.672933176531608,4744.277384567303,0.0,12.864855185855761
-1.3817956355718655,3.140353242459884,8636.916290209405,1.0,15.321993308428603
-2.1236240008394325,4.151762079683082,3195.6217208820094,1.0,15.800027815073673
-2.069976837347986,5.7417641974197196,7883.95047191726,0.0,13.063491982893567
-2.4243658942785755,5.133368820260202,4927.305470030156,0.0,13.458928247847487
-1.1245535203188801,3.45427132842743,6877.153341629071,1.0,15.744743817578176
-0.9364949909954339,3.857096407319802,3601.902880423943,0.0,9.93811545771057
-2.5422237075563787,5.104941455313348,2545.581402584749,0.0,13.804566929159263
2.6106623737924988,-2.2006464074499785,3179.7225110167583,0.0,19.410988090158558
-2.5840591939856896,5.259400538241782,221.7216008042311,1.0,13.617661600710349
-1.0175573574782582,2.9006241894256473,6295.325137821215,1.0,14.930497073030745
-2.9355561185300627,4.801870239808015,3012.7954243984855,0.0,14.787420755075775
1.690520244854711,1.188377078920111,1753.4955226044258,1.0,20.70671844872408
1.2328012334871303,1.5387869003448253,1759.4724509994207,0.0,12.131782455845787
1.2602759529479028,0.11431767763679046,8560.056512876874,0.0,15.413173579369499
1.100530027907519,0.7203482831269499,654.2543130992084,0.0,11.1305202279917
0.42522093550713036,2.0631692408337408,3344.524281174548,0.0,10.581853206050752
-2.7597734675361787,4.390234212736169,7265.998760243649,1.0,16.79886507445702
2.905137870206648,-0.09090726799323079,8916.138581428002,0.0,22.58742212996323
-2.1905247494625257,3.8917906620578626,6248.607929785762,1.0,16.1161312826295
0.42217210921328396,2.89180204913627,6442.554956305384,0.0,11.041204635226267
-0.9694450497016538,3.691857962817201,5738.327186932911,1.0,15.132494727747167
1.5122173588161845,1.9793094989127495,7763.287585503418,0.0,14.617163464809819
-0.7308796313035621,3.1114800820525566,9277.56605603941,1.0,14.92662838012732
-2.133139043309487,3.092567309147527,7178.300793429534,1.0,16.60759192579843
-2.494996296542558,5.812767418567275,3572.4443760051495,0.0,14.140142332669589
-2.039354973461351,4.637801146153193,7435.4444273453955,1.0,15.745745836187556
1.584266823984951,0.30314361823933406,3514.7399585951675,1.0,21.170292032398375
0.15046839148992053,1.2718559394900941,9534.746202036442,1.0,16.26765877225537
1.4815581643720126,-0.22314117194994032,9445.603301686455,0.0,14.908332621282055
0.12856737384165928,2.040687947865412,2770.701353164855,0.0,10.477051635235439
2.839897977011849,-1.9593706843802792,7880.415780175003,1.0,30.28749375836599
-0.41238022837573585,2.9308320856495915,1937.3768164019723,0.0,9.650684899563547
-1.511321690374739,3.731150319975424,5161.985736486135,0.0,12.25587524629671
-0.33945710264869433,3.033946905939711,6749.986579237271,1.0,15.444162375303192
-2.886172673445099,4.882650046746868,7845.612463321847,0.0,16.20433413909535
2.339773449731636,0.5846785347353721,8717.288258299233,0.0,18.220366747359662
2.6515087385059948,-0.8445702312445735,4759.478976273449,1.0,27.187256663744268
0.3351778283131379,0.5350246162703107,546.4843451739532,1.0,13.496696048884301
-2.7186732416848067,4.1662297319291675,2056.3291733816177,1.0,16.72650265751865
-0.3679508329182015,3.431229639445628,5315.599006545264,1.0,15.30829724581022
-2.0889870993842767,2.4712055111720685,6998.1433676017905,0.0,12.963450726049828
1.1939164921546652,3.8598749885823693,6899.796894316782,0.0,12.815864035667127
2.0422564469140054,-1.0227683066521034,779.2883369248237,0.0,14.230230399855804
0.8654680565100685,1.6698859061078986,213.86435232116696,1.0,14.431631541626704
-2.9817656491088598,5.425870985310107,9010.324051550564,1.0,20.05699248755896
-2.362657959469061,2.384609521751195,9235.79274700816,0.0,14.425591333040913
0.23536964497357182,1.8615125871300693,7953.843312083286,1.0,16.19230710956795
-1.576133490544783,4.590991412108963,8633.269277117308,0.0,11.528060044666352
-1.425208684386646,4.134007584495568,6711.356168085862,0.0,11.851752851155066
-0.06734974023155749,3.117639624207392,1410.3260993521706,0.0,8.461997304310456
0.22614519074020478,3.7027609940308777,8599.341241551016,0.0,11.30514478227154
-0.5847749762003582,1.808330256561598,2501.8138335448516,0.0,9.405761717514899
2.1184245698622064,1.8027850558893048,3407.3905230012347,1.0,24.148421943909877
-0.5259633495512306,1.6775148622279001,9564.800140353702,0.0,10.64728485826203
0.7072778576158161,2.9936281151896247,8203.213282590385,0.0,12.33214943886371
-1.4169872738093785,4.91085409993251,3785.7267035089594,0.0,11.540262210455149
2.1712752603700727,1.531355637798727,2420.917993637395,1.0,24.080290553842268
-2.818215026658784,4.66246293736391,3183.279755714973,0.0,15.26479263858115
0.10761250342688555,3.864224496575072,4940.287693811286,1.0,14.5835909652399
-0.5037752965701481,2.557198724764016,7136.522532429313,0.0,10.671875498921844
1.7199771321272292,-0.9405523886742666,2882.944134458296,1.0,21.68435318047125
0.8730481991889119,1.9403065025213755,8277.682038233259,0.0,13.654079075399089
-1.3193690818572605,3.391847229164896,7056.8619170531165,0.0,11.284848104699035
-0.413240907683988,2.274821217849391,119.37400466269453,1.0,11.130071207132936
1.2453185691322401,0.3265044468878814,3672.2739939101766,1.0,18.941667254513707
-0.5198930979942817,2.163788276778485,5630.222952558198,1.0,14.28188670398534
-1.2297589574249812,2.250627770232029,9508.507649000989,1.0,15.157746054326342
2.673844390704841,0.9042338072771559,4782.913401614393,1.0,28.42065218577392
-1.1672508970881028,4.827379841310526,3618.3325918339037,1.0,14.706862572317675
-2.6621722030071133,4.216180368254465,9164.433284620849,1.0,18.372124801947617
2.296264696771699,0.7671398981715478,8584.145879355547,0.0,18.667623792559695
-0.7434739952367573,2.886204401119536,42.804358502978026,0.0,5.914955193452816
2.227578866131503,-1.3343880451697276,3753.14523705645,0.0,17.22350963413377
-2.040109145238887,5.375930493768836,831.8522649482019,1.0,13.706412636595353
-1.7414712864730946,4.199546047927799,2834.1459495267363,1.0,13.413751842793017
-1.9046478574760874,2.31906842874426,9252.995599546442,0.0,12.870933732422207
2.744119898138938,0.31213781625810255,8514.481463983006,0.0,21.006320450517492
-2.845216460291782,5.644844732855929,7393.183300686555,1.0,19.021533250045586
-0.15036678976486018,2.065838066731518,2446.7530019018814,1.0,14.452861265619656
0.014990699203051072,1.8485831554912804,3240.9906093357677,0.0,10.1304901758543
0.07265576331226065,3.380426293419891,1501.1558571926598,1.0,14.71321851915789
-2.944928651779911,5.568462834830542,6939.41161229771,1.0,17.99908768674155
-0.6362843343082965,0.9671102434855066,1167.6287815518206,1.0,12.858318843899212
-0.7896900737894654,2.6196754840277015,9294.54955112507,1.0,15.77788465369745
-0.8345022718926511,3.0060717617456403,5482.161442755961,1.0,15.187990225736405
-2.4365744247354573,6.824952477804091,7313.913500121337,0.0,15.37072624731633
-1.5191373364230318,4.615288223636376,1742.0261769017297,0.0,9.829629746627711
-0.4664891537775717,2.753610220468715,7185.135413663874,0.0,10.997424635316627
-0.8925316481439611,2.5835027397121593,2547.2865602945462,1.0,14.51731109429394
-0.18722737772290632,3.7645747666893845,5168.184228166661,0.0,10.419360990102119
-0.6226039052372982,1.4078173915570984,6462.857296659077,0.0,10.442314843172044
-1.558617389704109,4.195343900787505,2752.1275941971458,1.0,13.762975976239035
0.2136710437185636,1.6820269614302712,7591.7003209556215,1.0,17.060874767980536
1.6505329295103621,0.733673508490455,7471.198536852262,0.0,16.19987941802556
0.4780895764169246,0.6504905882626384,5883.1668979147125,0.0,11.171777554389317
-2.317689180292318,5.86847852479136,5475.441110656615,1.0,16.91550607294362
-0.04382857957353181,2.6318816818717448,8026.764395867033,0.0,11.667129159888603
0.8553154196544339,1.0736477538245155,3372.9837128798004,0.0,11.088935392887239
-0.49844648087531596,2.2900055274363824,9112.024909045758,1.0,15.680053840764073
1.194503462324377,2.016913018006145,1887.3575089536587,0.0,12.589501206808757
-2.1239897047684257,1.8526839433348394,4400.944252303654,1.0,16.04640212222937
-2.6095137886214896,5.989296680275341,8574.083182461305,1.0,17.39368389088334
2.6877888847813924,-0.03802551729891557,185.68803805084076,1.0,24.538806300888112
1.6227806105679363,0.9323102431211766,4543.754179704818,1.0,21.461570974863857
1.1547735255435594,-0.32870106780683317,4575.914345819585,1.0,18.340998087290128
-1.2983424826544792,2.098391685199438,9056.962827437073,1.0,15.584429767186123
2.3723447945087175,-0.7502492242442,8993.411827901185,1.0,26.906422842686787
-2.0802414234652367,3.3797260564890776,2186.344610643334,0.0,12.814655274846396
0.467505449608423,0.43567806939281617,5195.295404301952,1.0,16.89334355488009
2.3660549476680304,1.52911716704455,7544.577673776849,0.0,19.157258157659253
-0.14047581222173466,1.206570008106485,8047.451503725366,0.0,10.759417144144352
-0.49200915983922044,1.1406243474531674,6571.684844159057,1.0,14.918618744176346
-0.5800526299270077,4.2921731958079965,923.9662395270775,1.0,13.277966807922454
2.9713107215152528,-0.2834398265900193,7745.097294576582,0.0,21.958672686845887
-1.355418758011885,4.3976684216561095,6485.23606813843,0.0,11.11324911357392
2.6819489241897028,0.857204192879653,8170.9493928245965,1.0,27.94666047840568
-2.3305463137240716,4.4598675018208755,4292.150603378618,0.0,13.280984806080207
-1.540988949225031,4.692176276537857,4727.065484815448,1.0,15.147769748915985
2.3701004172098825,-1.7907760487311761,524.5494295103337,0.0,16.460461630751247
-2.3750457862011207,4.462561147819722,1014.3250139021164,1.0,14.61802397697756
-0.7422873676101314,3.3837840655648557,5261.67124938083,1.0,13.99198039298403
-0.8080765924815809,1.6264464620843448,1116.7736200952672,1.0,13.517729811146925
-0.3550383933508918,2.1383022389807205,5077.247873890088,1.0,15.68610507119631
1.2913263505505634,-0.2242073612571619,4996.430541141147,1.0,20.27739347190861
1.13928544261608,0.87115072459671,2652.2867696465223,1.0,18.26373098244789
1.9018842191298475,-1.0936475913105943,7176.847108375059,0.0,16.819028298731855
1.8621352349782905,-0.7332651014883378,5953.771976760281,0.0,15.83484749028222
-2.030143012465987,3.968625855712387,399.1617692175287,1.0,14.071404594754288
-1.4862762338422817,5.2292166831125035,812.7295038956139,1.0,13.210219306304195
2.0182646633699584,-0.34011926953862515,6893.156063073369,1.0,23.895971757566347
2.4194254326570412,-0.13710987853661233,5271.3093227144145,0.0,18.82416302850766
-2.526310094891241,3.9860550129930123,2433.0406623062895,1.0,16.04978043521857
-2.875802124737778,5.427220194108934,9386.465174791512,0.0,16.03512564903869
-1.8866538781017121,3.5472645002232905,7994.568294419274,1.0,15.905672960268646
0.28777918481390863,1.2771490707087132,8788.197115367588,0.0,11.192086939913215
1.372246958169649,-0.1700735524865865,6114.315486945653,1.0,20.633801002959977
-0.8086813534117825,5.409486940725044,2082.8994668069236,1.0,13.535071962330637
-1.186512523838291,4.2357824034729,5705.536743782287,1.0,14.998276845905675
0.910125682256834,0.9266788181515935,9633.031616206548,1.0,18.177826066462757
-0.09201447419982411,1.9873820256778698,4318.402058216774,1.0,14.254688578015797
-0.9268846043861805,0.669410724071128,9433.152929079764,1.0,15.096382989040235
-0.055639291808033065,0.4268727382017441,2487.618792072742,0.0,9.34821170494452
-0.976860577584441,3.2627618862595194,9258.316299498112,0.0,11.361870583479973
0.6367547122754287,0.20454649741118258,8397.291239097358,1.0,17.548470683867837
0.43035501893532846,1.7488917327446751,8835.136615416948,1.0,17.93136615021315
1.280729040665432,-0.3950087980598247,8405.97474081943,1.0,19.447222306095455
-1.2682641225918712,3.7721538042191725,5548.9684532917645,0.0,11.383649495335879
2.1478790051667236,-0.5202658916128073,7373.812730814468,1.0,24.30380760080121
-0.46895843074500654,1.7457813416408565,8401.873697395937,0.0,9.944614162548405
-2.1123291986480233,3.510895549380355,4729.248295812427,1.0,15.924481036631956
2.9058684715749505,-0.23945255147925137,88.23810894302396,0.0,18.26193174068855
-0.3599785512876461,3.0128905625532925,9451.781424245566,0.0,12.03822699833026
-1.7273374572402398,5.21205708790782,4979.665500952625,0.0,12.267780466559755
-1.399761012141855,2.509182161231778,2110.6065128459595,1.0,13.18247793251734
1.8474532446947372,0.10085466704854752,3308.816789409973,1.0,21.14417792512027
0.9893685262429779,1.624328409411656,4505.911187120824,0.0,12.280559426854417
1.5527206609548951,0.020392647948754172,7139.46572490886,1.0,21.342328068514227
-2.3435713913696112,4.0797294029204645,9281.47488930244,1.0,16.871394630186753
0.06719928449626034,1.325305337911624,8571.99427778592,1.0,15.984101689344627
1.2279846276290858,-0.10774590891902613,4252.392373245202,0.0,13.547858194643169
-1.6616535832598813,4.213113602025989,2905.476215678142,1.0,14.025215358583937
-1.8748356180899288,3.0126509168109514,7407.014146176106,1.0,15.943442815348456
-0.11717795175379964,1.6112608808171727,15.20451260075383,0.0,5.442820552461886
0.9260368863835984,1.4308002285707309,9810.144880947948,0.0,11.946753072644947
0.37248516508138163,1.335105398334736,5260.783679080168,0.0,11.242765643606843
-2.3207578446123702,3.7462683697567742,8496.207725257571,1.0,16.746723991509736
0.5973703505880064,0.6279895489862148,3372.169813942443,1.0,17.036524564361812
-0.2719874101948454,2.3906400668726704,4121.871519253051,0.0,10.014447464497664
-2.007627499875938,4.569015442793967,9034.40581622892,0.0,12.716281649648835
0.8642144736582491,0.2970113102698102,8113.666267408167,0.0,12.296373618892979
0.6151673661332846,2.503526354001795,4273.924250346012,0.0,11.708217147281943
-2.087790348629086,3.840667469581231,7419.754285298503,0.0,12.721613729997483
2.193373318434908,-0.6610396224171278,8647.671624984907,0.0,18.06825263092426
-1.8631887396149196,3.7542762717954794,8159.427201358814,1.0,15.242970026267596
0.4420825808150637,1.3416151466425248,8265.870742260231,1.0,16.663386503331772
-0.3370017731742463,0.7007912217816261,8750.98164535474,0.0,11.238749166514728
2.9639670789451333,0.08229044762639615,5080.483801041751,0.0,22.558260602843866
0.6822080891900404,1.2240401671420922,935.1640574846465,0.0,10.427088895306795
0.027975168128356653,1.2149949786782968,6280.470778867375,0.0,10.4677996168222
2.3874588554698732,-0.787184546936763,1537.5977434084452,0.0,18.255205509359374
1.9587918700460651,0.8059485501713382,7751.442642974116,1.0,24.57677511245103
2.5295389107653907,0.1641217729514136,2724.15828020546,0.0,19.529585662570415
-2.578943082101924,3.7673960705627874,9707.200981374288,0.0,15.547191747003422
-1.0166904517649693,2.583010030661368,7374.614554059647,0.0,11.385971329848443
1.9746529739425185,0.19528882273847095,2599.8757497272295,1.0,23.021881426666813
2.6901854833611782,-0.3571549319598314,112.46250509189481,1.0,24.831167414857234
0.46510001196513695,1.4931520192204395,5960.685201852415,0.0,10.856478145487522
2.96820021426573,0.1637693308335313,4386.896752046996,0.0,21.931106021290468
0.36005728728760067,1.2095693658239592,3890.27233278158,0.0,11.404427316123867
-2.5870554128845398,5.12849848949711,9729.600307553583,0.0,15.047199165746365
2.981444491922752,-1.6332008713096635,4829.799114081895,0.0,22.001911363466508
1.7717358219685018,0.09681013122489579,5035.63937782459,0.0,16.002283987802763
0.3299840074249687,1.965158644585875,1808.5713564376415,0.0,9.940747021792808
2.0879285942272663,-0.41281211464797984,5495.224370283711,1.0,24.354784160991944
-1.9528615148108786,4.71632108650964,6951.329353553824,0.0,13.339726821140276
2.0722486085271274,1.1581294113755443,3992.772954702248,1.0,23.61348567663819
-1.3006280676780764,4.668431891260003,1172.4121777610885,1.0,14.208499958961992
1.861604958760192,-0.9547475925438185,9012.089188472035,1.0,24.084572647867645
0.4585290762641425,0.5819818542202052,3565.6877525566997,1.0,16.607279749201403
1.0711258070863323,1.7605034531248354,7970.35245181329,0.0,13.037649425250867
-2.834922878597882,5.61139938138022,9724.563360762813,1.0,18.495589876697395
0.8191883485641402,3.5644717164987187,3497.9090297257885,1.0,17.72641787046853
-1.389062084104874,3.436605770454598,9763.04639439864,0.0,10.97565880177738
-2.725757387880536,3.964745122638175,8341.037380543472,1.0,18.81951510877938
1.1223505664425666,0.6425111641051875,6369.413163744379,1.0,18.72365078128801
-1.079081243630213,2.7697151488376877,763.4019226646227,0.0,8.617478084390086
2.3260460261667566,-0.29429751333652626,3236.9190592472564,1.0,25.53842248181897
2.9880170335978473,-0.6457082290087768,4020.1295333013163,1.0,29.833922567209786
-0.20831501741324043,2.578540271527805,993.9795432388887,0.0,9.30491454678531
0.5458862523304147,3.435424862814103,6290.900127741738,1.0,16.93912284586305
0.7970174435763733,-0.018945973101881064,5426.9465814440555,0.0,11.919041737714583
1.2569725798009532,0.5254746666667718,4300.195051026109,0.0,12.958595519938612
-0.318699460034483,1.9871490435101267,3482.1731360244567,0.0,9.981606757766416
0.5192410555547999,2.2904964897758857,7651.577980060957,1.0,17.319630967840258
-1.5744692709017865,4.298345332497014,198.48632866802052,1.0,11.248770940735538
-2.1455004578235455,5.259190142407464,3404.1894488004154,0.0,12.0808898106303
-1.8202094989032487,3.2122663991569897,8107.357348094887,1.0,15.53353888411648
-1.728503730555841,2.9849958892153854,281.2080918812332,0.0,9.457291722984799
2.6131773187048912,-1.2103922264080764,4548.542676513893,1.0,26.91419943184222
-1.1709399202092199,2.024576362037,5645.701102317842,0.0,10.433711433272425
-1.4835286037828708,3.360165639221147,4730.50338162726,1.0,14.594710843939279
-0.863266499361595,2.1953771207430584,4039.5185980299198,0.0,10.433549026756332
-2.779278934224659,5.456205350637839,2218.0848039223833,0.0,15.113935540323089
0.3489998277988491,2.2046002836212804,9356.177913459644,1.0,16.779037186499522
-0.4857631227287609,1.5336439086914546,4851.311189850088,0.0,10.643574914523338
-0.3429441559252462,1.820697475161392,7879.520796091439,1.0,15.05569670591611
0.8618540386349718,1.2820950543816474,2455.97926945888,0.0,10.968387689251323
-0.8390288741894416,2.7341287936953935,4232.758093748183,1.0,14.682787048138746
0.8943123621305276,2.0785563091453376,3923.4804237379794,0.0,11.246166590661472
0.17893315733806414,3.4500757346354156,9037.723020399359,0.0,10.82069938282006
-0.7520329352498782,3.1549460237711378,1616.6675331383929,0.0,8.942823758098571
2.5980484010207903,-2.272103082297554,7347.270283787606,1.0,27.773089923112092
0.5277853040891785,1.7819667613661967,4228.611813090271,1.0,16.802344756014666
-0.18732272973807573,3.242422667634358,3107.1917846638917,0.0,10.160936408616339
-1.5135147702661593,3.478819465447378,9561.056742182935,1.0,15.81038468648658
1.7164644913996279,-0.9620021862502797,1364.9454625568503,1.0,20.82967199266308
-0.6425498486800363,2.0350424565281973,4830.199296780396,1.0,15.536047085840629
-1.452933768775599,2.340908369187958,4310.073464101938,1.0,13.826780438139583
1.8854717782217367,-1.015829087798837,9907.487573149565,0.0,16.369326701820736
-1.2244537844735113,1.1670100282515197,4669.672749785332,0.0,11.433312414857806
-0.15070014180968982,0.037435686431648296,5303.189350927291,1.0,15.450672653654557
0.5147079719699965,0.5979098758873468,3785.64636531139,0.0,10.60691594408943
2.250826484315482,-1.36347234957073,7166.085052291676,1.0,25.26411657407226
-0.22303634039889797,1.813745939477555,2394.3612346251607,0.0,9.583021850570832
-0.8195899204258197,2.588592445165999,5916.850217546046,0.0,10.028420625433274
0.7821775516544864,2.5985738317258678,4785.498450508741,1.0,17.281951703694293
1.1961591926452622,0.9854209552734883,8842.413662289238,0.0,13.808891645562127
-2.922295619159165,6.164612139194596,7263.945727361075,0.0,15.847877435742447
2.56834750907971,-1.4221292050289867,8495.36191675286,1.0,27.651239375899003
-1.9518876166548256,4.635139030172102,7018.042489245679,1.0,15.842703929471902
-0.9342485869912363,4.614654423365002,8558.753991152473,0.0,10.864422923441829
1.798758601009082,-0.6154780751863488,3033.386953060918,1.0,21.60624945904577
2.726417161269426,-2.2518325277672053,4161.4875179460405,0.0,20.457120235096255
0.6498375122668207,-0.9949261963265261,3816.7025171020464,0.0,11.813681551642988
-2.4683397933599664,4.987461044733974,7812.247908787294,0.0,14.48006819242108
2.283007966708924,-0.7647366813467384,2996.0867857744142,0.0,17.403232236525547
-1.9956845108311212,4.8060607583637625,5873.919275018335,0.0,13.115152806414999
-2.7810345819371785,5.191075931738106,9799.797582792453,1.0,18.243143654168605
-2.8503600934342295,5.1859890192671845,4245.191287888391,0.0,16.631932414801305
2.0958861184241675,-1.0898914253158427,2456.5230773929616,1.0,23.633758680013905
-2.49460828638987,4.433190744776673,3541.183474421984,0.0,15.026543858674286
-2.2018992714971937,4.004974609178465,8173.621310461392,1.0,16.077441763930427
-1.9614736321375636,5.346281690092688,1059.1566855380397,0.0,10.733232093978861
0.18120454705525812,1.3691621082102527,9189.245562398128,1.0,17.16082845421662
1.2140965125500252,0.331724873342699,1835.9099502070064,1.0,18.33020946622652
-1.1639040132996783,0.6890711823600633,1937.1648729481083,0.0,10.489309835971786
0.6185333185461035,0.571720342448629,7495.799202468161,1.0,17.988557726924224
2.213171060403358,0.0009509098418286899,717.8884656663331,1.0,22.598638378241585
1.2230992670480845,0.5928277064241233,2457.8973082334123,0.0,12.362831071181706
-0.08285191549107385,3.3509959624320294,8082.289708364538,1.0,16.12102432695061
1.8280377944779858,-0.3991784722336901,4915.730107968552,1.0,22.661106552776467
1.2286319371312189,1.751840167042809,8479.695728571673,1.0,19.826252999766115
-0.37058948726276864,1.5052897839044244,9498.73313068766,0.0,10.972120542729026
-1.7021529320244786,2.2471454122909647,634.799091824827,1.0,13.32171710605471
2.5801706563496403,-1.5320643941726382,27.609057205530966,1.0,23.016864387572184
-1.9456877778531063,3.4922621042937507,5139.744679967569,0.0,12.802640430789493
-0.2077950878584356,1.7253454979524097,1840.5689028304307,0.0,8.681708670032457
0.6144488613138162,-0.09236236297391898,3748.0886789020597,1.0,16.600220365873046
0.8394598483185485,-1.473464679659322,8231.803279295944,1.0,19.175740110123932
-0.8226080339002664,3.904971397020935,7428.813566703332,0.0,10.50234711191291
-2.1645475697181347,5.837080109950891,2356.316271219161,1.0,15.066759552315427
2.8651018472161054,-0.9369268920145386,6701.490365534674,0.0,20.451183156778374
-1.5643921361945947,2.9241846914961664,2265.558191095961,0.0,10.58493393438435
2.1223182546307733,0.029582960431395494,766.3494740399578,1.0,22.351518659391868
0.9023949795849919,0.5427695619810337,6858.298612360717,1.0,18.026579549851995
-2.987906740399583,5.528425199981324,938.2493619083909,1.0,16.439681244580854
2.5620827811078897,-1.3781132569674295,1930.9817384571159,1.0,25.946211829293123
1.6052543199883686,1.2826086358007376,8792.480120598666,1.0,22.20725892748071
-1.3816684634224596,3.449861649458226,46.31279060058334,0.0,5.223331568156711
-1.2327279242297626,2.4900137532832662,5799.236097984694,1.0,14.634630733443416
-2.695414644487154,1.4889621287713322,5255.835685214734,0.0,15.660282077164489
-1.144281448058281,2.9762933178067152,3337.6927741712816,0.0,10.246260178113
-2.573634752971299,3.908444151557867,1544.5911410461688,0.0,13.442957660271192
-2.90506748009407,4.325746007406972,6023.158059179854,1.0,18.529049230233756
0.4581812579312765,1.3399723381953823,436.33450354361725,0.0,8.92606594382848
0.7700132644732305,0.47684511614690994,9271.337402567107,1.0,17.455086973143082
-1.4547165235456234,2.625772174269848,653.176769713465,0.0,9.327583840176267
0.9808978689226726,0.5615440038766513,5663.817837279894,1.0,17.8841664012121
1.7919861083238136,1.599585475811674,9518.23089970529,0.0,16.75822614549194
2.629280427751101,-1.2372586323993238,2899.4971908182843,0.0,18.941977795643016
0.5898171749429495,-0.19049758872664002,2889.1049630408925,1.0,16.501173651660505
0.9605300627624835,-0.504386903815456,3108.2082342949248,0.0,12.1266282803599
-1.593497477001455,2.5733953333247306,7416.63801787719,1.0,15.35837810012051
0.08735173016654141,0.6521795152246905,7843.153399858699,1.0,17.271190042496663
-2.944090776917689,6.104982822440812,762.8612220370179,1.0,16.066319487495818
1.3260450971728144,-0.7290077384241664,1522.3356749834272,1.0,19.23107556924808
-1.6975246992833362,4.665315659663305,8358.124908279247,1.0,15.78793539875168
-0.8690927610235741,4.072813653584012,4925.357592689408,1.0,15.023150437834566
0.25502326005565745,2.0973024821698973,2040.849958124583,0.0,10.023420948997945
2.625736767086737,-1.444174015518231,3078.6559175179186,0.0,20.217722597299375
1.1414271601463213,1.252978887339518,8463.18375039826,1.0,19.415834695025442
-0.7033045987310942,3.43547057372973,3669.033171748031,0.0,9.94419344623226
-1.2668120141000792,5.31559978516941,7007.380147676686,1.0,14.852730661236276
-2.0225206398677438,3.6170739068850213,6759.987549749353,1.0,15.891108909663544
-2.4879503726958063,5.439793918705879,499.15162159034134,1.0,15.30947774872485
-1.5686542591133141,4.294841424991151,6521.887654348959,1.0,14.61698701939905
2.1569552977444912,2.339500725286238,6915.959176800698,0.0,17.851884895197596
2.4231397369247194,-0.5397239931702911,200.93726443790038,0.0,15.251091250868026
0.9164470968778047,-0.0031265962796398483,7319.9547412726,1.0,19.40018375962067
-1.981245140008087,6.6505359406484725,4169.8621254174195,0.0,12.708118985412995
-2.011152701931233,3.50620779085351,8705.258248371367,1.0,14.750087436460918
-0.12088337280279582,1.7632910713065015,2448.1378571630207,0.0,9.938145749225793
2.3373959144593277,-0.03579796861303508,9103.41021553387,0.0,18.829834550126154
-2.2711837266634056,4.816478471716865,10007.664388281204,0.0,12.949851712567204
-0.8197800926420831,1.5761328612366086,5957.745705981322,0.0,9.909241793871967
-2.775485397086827,4.488561193698117,4700.548471506132,0.0,15.935444119486979
2.161181643476519,0.42502104761981874,2744.115238611744,0.0,17.59084429483321
-2.94157036992981,5.215187823029344,2000.2707767940653,0.0,15.32665831457782
0.5969424473500693,1.2366915501137339,5115.38517735207,1.0,16.88054338548297
-0.2557350791925703,3.9486593808233352,3530.934150258951,1.0,14.876856377942477
-1.8929156234980027,3.466049399443661,7007.596422782897,1.0,15.73403486372671
-2.6631502364675197,3.9454276207245313,3885.2207827227858,1.0,16.62729525542735
0.262351937477848,2.0189791634274443,7332.9293132867715,1.0,16.542092926314194
2.8439570578164304,-1.2984824756086901,3917.093383337923,1.0,28.41296673234375
0.17563135912454708,0.5819989396045491,6297.584072274398,0.0,11.31712119208021
1.9267617103066037,-1.3405968193204787,4384.402024083351,1.0,23.132334960236484
-2.5736153847907,3.126259190422056,5829.182525824797,1.0,16.64995147083844
-2.9252806150174044,3.0834769377675646,1694.5898586299813,0.0,15.277215295812297
0.82428639901332,2.7059599271628167,3273.3237456105726,1.0,17.948476444966253
-2.581967033844397,6.047053119837573,3899.634712343363,1.0,16.09074054644632
-0.09626479231879692,1.1467473631976173,7691.58151261636,1.0,15.748707647392306
-2.3888976361394487,4.799218870375949,9446.704666037134,0.0,14.876783287802242
-1.3640324644247288,4.329750928581947,4681.401548119063,1.0,13.927520273462886
2.643740970053285,-1.8896957035057769,8386.155397658044,1.0,28.43854919239609
0.4108830702090023,3.7483689248606424,4940.950409566151,1.0,16.98851405230409
2.9822377760559444,0.2796375758205776,7470.628443146031,0.0,22.863815552893037
1.189210034966667,0.22890651257943417,1325.7270664387033,0.0,12.699508454429234
-0.9103031154606911,2.0954770852227167,2887.291373529658,0.0,9.716613103340743
1.160490553862176,1.6907526702476159,3042.810427910003,0.0,11.730966180180477
-1.562251434772872,3.1349273695325666,4968.159612592255,1.0,14.967987773808488
2.22440779517643,-0.172045672612464,6077.542125081007,1.0,25.29905354480343
-0.1178717869641761,3.0495421985912565,4702.418954581202,1.0,15.45002278009314
0.6993968423923231,2.1826434496972222,6697.794609844694,1.0,18.872611405232146
-0.55273115418243,3.79843179205326,92.96633944616994,1.0,10.414737876498277
0.962130961709271,1.4602033072760858,1060.9922543870086,0.0,10.804314478302006
-1.2185683974235173,4.453045082187749,2588.9033740933896,0.0,9.143717867626036
2.502428225179009,-1.0744664185550303,5953.7643608340895,0.0,19.27479893704725
-1.3861170052919278,4.323598405336062,9217.065781142832,1.0,14.936103439208129
-1.8450047123128333,3.059276946800769,7146.899462034499,1.0,16.296387731940694
1.6093583836415517,0.9359589985351044,3266.0529458002984,1.0,21.554885760916946
-1.4835404209675656,5.202516838924096,3346.720002739163,0.0,10.631964179254215
-1.6851500794891918,3.9536731459854835,3473.586374319522,0.0,12.081849027020226
-2.646989832942302,5.961306956845954,6677.5657899154085,1.0,17.588891591961936
-0.15699115160585597,1.3694761010089431,1844.9506934036997,0.0,8.853526224776576
-2.39080197855748,2.86056470559193,637.7616057281066,0.0,11.79044289055571
1.137827646307275,0.947656826737555,1019.1400231415138,0.0,10.92748341896075
-1.4025536646292132,3.6070262889613285,839.8453081866053,0.0,9.676110711231631
-0.33466857774084957,0.8666686603505718,206.05190411634555,1.0,11.379565754714276
2.686630267728696,1.7346097776800082,6365.534703069234,1.0,28.54151089414839
2.122065819624483,-0.57874837709975,2225.083757896347,1.0,23.187988836208792
-0.11101578365229292,1.2506511605811683,8043.816929291807,0.0,10.878407453646533
-0.6322766364038239,1.6748130049459464,1514.3381587502847,0.0,8.697190908582114
2.9514346180367195,-1.9449888837166336,2117.917578745395,0.0,20.987534486697484
-1.601129539671214,2.5413043679899285,9863.53533907905,1.0,15.437937869167074
-2.3179693693704833,4.638821340898456,2813.0191841436945,1.0,15.251060148992618
2.373702585226127,-1.4540173187779541,5222.8704234585875,1.0,25.21358923313578
0.3940650755706874,1.849077168817474,5536.001130443074,0.0,10.505788850034321
-0.0736886052626673,1.2548748447733002,5601.67657414201,1.0,16.310699594399804
2.335214240123415,-0.34613028010618585,4968.193678293921,0.0,18.07439709572864
1.820998640498975,-0.9424283815271741,2940.5647194508842,0.0,14.038497828676485
-2.3847299738593035,5.170068197445136,9620.784312416394,0.0,14.797525042947495
-1.7247892288207727,3.118226355956284,9820.929196792173,0.0,12.931142767753286
0.7069484195104345,1.5401678678160509,3174.003970105279,1.0,17.44141090138989
2.0705876343534166,0.4266667270878513,1520.1608034915748,1.0,22.238229729770325
0.9269329300830496,-0.31454652053265364,5028.449513906069,1.0,17.22432536049191
2.7678533326615415,1.173647704955361,7232.087141685005,0.0,21.03910746482359
2.545636607586471,-0.8870131211882111,1997.5631962609507,0.0,19.389129767173092
-1.5700338464469474,4.093136856332944,998.6137917864036,1.0,12.962964736123679
0.42873094656457056,-0.5116733541971406,1031.329491635481,1.0,15.12749271600784
-1.564029000098417,3.3299845079418677,9800.508378392688,1.0,16.02394737247471
-1.8869088731550228,5.622353964050913,6194.34728627624,0.0,11.94100455334334
-2.7184207341259206,4.768179796223012,9776.939141710416,1.0,18.421618911208995
-2.63727056827742,6.136271959619657,9667.92465863632,1.0,17.76820698577697
0.02630985039968836,2.1743484707903455,767.7258567537459,1.0,13.920204710216586
-0.05224004387501324,-0.12901260377792134,9912.412844629578,1.0,15.406049619872883
0.292671123821,2.079663679897679,4303.796731569754,1.0,15.142983356149891
-0.1371333634992582,1.6524910823593835,8690.311381737993,1.0,16.344258396349744
2.8409841724825267,-1.6232072025860889,5081.422382204241,0.0,21.488817664276954
-0.22450793092390553,1.5285232769747121,547.9403809582728,1.0,13.492460955542255
2.1321819249301805,-0.17603977197380322,9373.923006836094,0.0,17.478917749937178
-0.38364632125440856,2.2310350090475453,3828.33600583649,0.0,9.93905083347719
1.7222705104672986,0.5909840450200602,388.4383583684203,0.0,12.952727812100626
0.5759112624886096,2.586666720524367,7367.999047164433,1.0,17.592955818470685
0.023155037932915956,0.21552778397892447,3200.4354738575935,1.0,14.579419533023747
-1.5236463383725138,1.528375466729353,4209.345542745725,1.0,15.23826754514095
1.4685102982245297,1.0189099084090585,5938.711666900338,1.0,20.67064341618657
1.956808157556864,-1.8275747899402668,1625.7440757072316,1.0,21.911077461577587
-0.6471650789804819,0.45297933261811796,7734.78160300243,1.0,15.424444089346359
0.6169563440555788,2.183351568354553,8996.209169477632,1.0,16.874387265911317
1.6776298959466596,1.8548537802643688,93.46292235050568,0.0,10.795773317546036
-2.3639220022109186,4.197294042057526,6188.173213911728,0.0,14.586548209007002
0.3488577591279034,1.8191442408394976,8133.036267601204,1.0,16.440548868557283
0.2167020749476638,1.4435009271257147,2435.764419501576,1.0,14.869062892608323
-1.8659535186552219,4.322925198440869,7702.173575676416,1.0,16.675502562659933
-0.18016961175096302,1.0580395920691366,8764.764712726263,1.0,15.897032972080963
-2.9760451421720733,5.163565307055441,7297.742561819014,0.0,17.17580036294881
1.5808306709573872,0.6803685041764949,9852.521054966719,0.0,15.12508909193683
1.0791524151633434,2.8489520263069745,301.3613133062998,0.0,9.772743197766168
1.3789168955098567,1.6219411522446228,8098.307524492257,1.0,20.79008887971851
-2.2417806209888584,3.161610972042509,1589.1379159574826,1.0,14.51392712355997
-0.5277575244460069,1.8644343967745223,3889.3802407272915,1.0,14.178681290321919
1.3304798059586602,1.0343431691090028,4798.857263116104,0.0,13.619423889610937
0.09363107034085694,1.268031263998394,7208.315039897225,1.0,15.851291702172961
-2.7013373153168336,4.926330657042273,7126.192397219978,0.0,15.106308128636744
-2.4400116606868973,4.772531357670276,7580.300117912137,1.0,17.092173690899873
1.2961388089514276,0.8283559774215584,6673.981972624441,0.0,13.653079824379725
-2.658274302909038,5.299855266024876,5574.029102772697,1.0,17.432757473865802
-1.10536544577619,2.9960964274396944,7733.598478290568,0.0,11.541093555457028
-0.10224459005303377,3.791518446112443,3414.223549158071,1.0,14.593362597125363
-2.827033202810396,4.200774764713292,7587.225900884547,0.0,16.565066125719746
-1.1228179493375539,5.146375446947358,2435.663388328151,1.0,12.429910468217154
-0.5682334703131069,3.292795861897585,7757.831552443873,0.0,10.87607373121796
-2.2773125602935194,4.932165213579603,1768.1770195977608,1.0,14.694426675525499
-0.49493825832756055,2.7009896435687666,7248.972109667181,1.0,15.93922525974882
-0.6684135886262212,2.0525541743237623,3705.5801194736528,1.0,13.94333187829969
1.6845676045918871,-2.2274406953815853,8085.682877051977,1.0,22.020128346253458
-0.29026442672660746,3.122763843253888,3656.906331937806,1.0,14.130723395737839
-2.260114120869294,3.4669827179528223,4589.104517742218,0.0,13.312821702592087
1.8898470078434348,-2.251082262053951,8732.937934871361,0.0,17.505518515880855
-2.6031171052878053,4.341573345340665,9306.125141094828,0.0,15.683283317624852
-1.7378473480799885,3.9021677196820734,2152.8870068661854,0.0,10.213288143616834
0.9685194181115282,2.237484811987094,4227.119101644546,1.0,18.14275902368651
2.072852193420534,0.6386836383748693,3532.377614811071,1.0,24.56542625948304
-2.781127837828146,3.764395817197961,5023.775433326796,0.0,15.537624478445402
-2.515407969008405,6.016017583272828,334.63309124061254,1.0,13.46184028507704
1.5087626638667704,0.6409575080860108,2885.9985816485887,1.0,19.75433647779986
0.9591990520624201,-0.4654628863005641,8787.3274143591,0.0,12.422093427408829
1.9062649102490479,0.7165368151486528,3675.159479228709,1.0,22.444650649535568
-1.4998429298260734,4.638538375717779,7486.280071954766,1.0,15.410144874563093
2.626260457325457,-1.4835099482106227,5702.677638677555,0.0,20.484933266220526
-1.844662970500091,5.089716855335372,3963.2285828601844,1.0,14.96835981780447
2.130216103615579,-0.556152528338687,4262.83223641739,1.0,24.12308086119808
2.4539307772312746,0.9401219818756179,5738.458526849396,1.0,27.30580302160867
1.7544429498818417,0.4323109859069253,9051.680274527347,1.0,22.528649888209515
-0.8405702689389116,2.067061647719344,9191.691038096718,0.0,11.54168378620125
2.3900806120738336,-1.3691726684456396,8570.78164619998,1.0,26.703963734984928
1.1469889866701175,-0.5113651316425312,537.245534904388,0.0,10.545886960396919
0.18548294197076043,3.4834784789058837,2096.9864795038397,1.0,14.829942324108716
1.5917147578967379,0.6820367047279017,22.299872618725118,0.0,8.912872802216585
-1.5211431315766426,5.066161142722887,1804.746370786453,0.0,10.704382454511867
-0.35383786611131907,2.364521693607479,1126.6086997052837,1.0,13.438098550146803
1.9131251523493642,1.2442515523562834,5082.425254728679,0.0,16.18189104580373
2.2006310978746644,-1.1238642201303108,3854.98872720318,1.0,24.043067484395674
-0.895977660134593,2.574057686126957,4705.994832139386,0.0,10.457921098933747
-0.5921496134097097,1.8456169951523622,2468.5501122362584,1.0,14.297546004159468
2.804336725407121,-2.6160826598238134,1128.459811725513,0.0,20.05874289195957
2.1774444702934943,1.3735856542654044,1496.4669978089319,0.0,16.23688700397839
-2.6404890179730325,6.074170686441258,357.63402364028974,1.0,14.26186622558501
-2.575067821878462,3.8084501490465437,1301.2053828757253,0.0,13.14230861334137
2.516310670184269,-0.8960509218061721,2263.376538292159,0.0,18.926576430035883
2.6588206306040005,-0.11014475365727128,3255.793585401903,0.0,20.082076576499112
-1.2505905381941453,3.6058210467351475,9860.445450026284,1.0,15.631086187324614
1.2930340241375626,1.2808740688683264,8995.130095377592,0.0,12.940402137365876
-0.6894136164483902,1.1148932818310309,7084.170085980844,0.0,9.87024548457895
2.9823183452467195,-0.4465222541134414,6688.171339448068,0.0,23.157676678357067
2.9483808791599158,-1.3544222230404888,5266.139888677331,1.0,30.167700260047184
-1.9360561696626404,5.059867209946828,7329.485298481608,0.0,13.191059957682201
-2.395609011766009,5.426238090304441,9956.577512536423,0.0,15.093161287075793
0.16920983598103678,1.4007109219817593,8534.301556136612,0.0,10.480828893812408
-1.3418832675726218,3.5360502504871603,7045.958463874108,1.0,14.86351294727597
-0.5993517533134405,2.7099169531990657,558.0944957515832,0.0,8.094526195491063
1.1243265256752197,-0.4821742117583008,3653.3512353808674,0.0,12.15879175122789
1.303078746275978,1.4309909075134162,5793.204165195377,1.0,20.580736241223587
-0.3976804078617051,1.5746079997815472,4702.3222278019175,0.0,9.825967538012494
2.7024638094712135,-1.4186066397932238,619.3921523628898,0.0,18.278134525337894
0.4027277390801678,0.449234739671003,247.09146305288198,1.0,14.436937527341744
-1.899576046861035,4.545085745144163,9374.520934407568,0.0,12.537292242248745
-0.3700144888436241,3.53147477756759,3250.4014678788394,0.0,9.102755117515137
1.831657414997962,0.4659800917035361,3036.4030441068344,0.0,15.73485829550185
0.7840864922614434,1.3395512370255247,851.4657282142346,0.0,9.987828941162071
1.6439443220267407,1.3918731631751295,6132.228633732984,0.0,14.904680226423414
1.6630749579798838,-1.0574307445438695,3539.1801038329627,1.0,21.32909242259215
-2.789726872532416,5.968329126705548,1605.22062739886,0.0,14.219929367394446
-1.6117632004050484,2.6355088984742774,7055.827057309636,0.0,11.893856750934903
-0.9337335229415835,3.147006106187929,9024.559975669328,1.0,16.03133290069682
-1.3941643650278939,2.339149893946268,7282.58253832605,1.0,15.008753314876701
-1.477181742329906,2.005279968611526,5037.951106506872,0.0,10.872483638509793
1.8752029472650031,0.07292232826314282,3847.4769252694628,1.0,22.98950342146103
-1.8087689651053238,3.5910406907594155,8889.23826651607,0.0,12.758160991674291
-1.2026301029561905,3.7412365633499194,6185.379366388231,0.0,11.442870126063879
-0.9644965913858967,3.7781634156753165,6023.609263791609,0.0,10.065416387813118
-0.7994380781257324,3.1485455547941243,5297.227292914696,0.0,10.635541020170448
2.203119757888591,0.9360062233348145,4963.949691864087,1.0,24.17842275489581
-0.7680203106242565,0.18532470652334565,3179.2396669627465,1.0,14.131651253003643
-0.8583448553422128,1.5453042400740546,5031.032427780966,0.0,10.971170052974253
2.124554462333063,-0.15383250618380392,266.79691573222254,0.0,14.561761024962205
-1.1373003115449445,3.5266879874402464,3562.05807063115,1.0,14.67449137278399
2.412644980907266,1.103730472603297,3761.886945934855,0.0,19.37277637502894
0.11223198127885547,2.8045217401226723,9748.637979894314,1.0,16.774464979682893
-1.3614233109521285,4.495121624812844,9595.106088605928,1.0,15.438249752026467
-2.4439034243606272,4.304374679695454,9953.667140609892,0.0,14.821012532061628
2.4377981870386387,2.0839771961610585,7053.7998913690835,0.0,18.39098044152268
0.6839322132833128,4.6731691388257275,8566.745911061358,0.0,12.112552102238974
2.664850562310926,-2.0649216848560465,245.17535562043946,0.0,17.27561517350558
-2.3683913998288153,4.452362498197911,6445.063227052985,0.0,13.874144419330658
-2.001838351765416,4.257506400792884,975.3493400914958,0.0,10.77101421061017
0.48791995141988487,-0.13691050865656496,3253.7391276815474,1.0,16.58774461383906
0.3397397331097105,0.43803069791611415,2538.14205651437,0.0,11.230623451607205
0.8047175667964739,0.7468418571690418,3972.508058577554,0.0,10.899362264413375
-1.9434390437931757,3.8368093044866693,1942.8981907527277,1.0,14.527542680960718
-1.3810283561779015,2.231074542517298,7721.698975451566,1.0,14.761038273270625
0.5087005353629279,1.0197189215948175,3868.4247013470354,0.0,12.39336704521796
2.5974761478634374,-1.1163946483199219,973.316848559842,0.0,17.937045026989548
-2.8298576670322033,6.122455048525882,3363.498516141048,1.0,17.045972342672187
-1.1580345442499362,3.382395679559218,5293.675014857255,1.0,14.978147127554383
-1.919152691602844,5.4583267438394145,2457.971789113077,0.0,11.457330037231715
2.5399999115799865,-1.3682124275934346,5255.423679761111,0.0,19.32258866397061
-2.0433597979417266,2.5151482944039443,4468.397244219893,1.0,15.595986544867792
-0.21449282925426116,3.184065994651588,4036.2574729908283,1.0,14.561146144497375
2.310518756264605,1.2897885848106612,4390.130202293685,1.0,25.929610079623195
0.38237006907233617,2.321181518635022,5308.605322975397,1.0,16.270333996892564
-0.06140710491293344,2.8368980820027594,5521.150584763206,1.0,15.100810469314066
2.9684945153789517,-1.283682382023571,5303.25827756973,1.0,30.07937624018576
-0.7210083710625925,4.032340762696769,9128.412831890046,0.0,10.41498717050137
-0.2487218081154161,2.4178503700901937,6345.471475515045,0.0,10.612400341988467
0.0403604524123522,1.9842276466412354,7320.4050189047075,0.0,11.187067647610794
2.6673794296554867,-2.7297852796436044,184.3978196851237,1.0,24.485030707870774
-2.499380700999226,3.7710822372243262,9382.015690712273,0.0,14.886445922017304
2.5884113324621545,-1.3871107522208201,7161.424054423683,1.0,27.785354040315827
-1.7212433135802394,4.8762697932384045,8222.879883299885,1.0,15.932414923315012
2.720418460200582,-0.06004935155401836,5607.339121497289,1.0,28.89348764378895
-2.8782375072226554,5.405093101870593,9759.706066311022,1.0,19.06446533800189
1.1162491424742065,0.05973285296543707,1953.7460983783017,1.0,18.446164681013343
-2.1035772310464655,4.25062778631836,5018.369403614771,0.0,12.796475566848962
2.135391032961283,2.431847317060919,9636.686746521771,1.0,24.594433195206204
2.948644658658491,-2.5866956536770878,2159.77803937337,0.0,22.119638824859262
0.0060070990787988165,2.559980769006461,9595.556874373855,1.0,15.402442956871178
2.8606835024454984,-0.8802445589251924,762.1345145396863,0.0,18.67872101523335
-0.8120591472187333,2.213326880975577,5499.3175639143865,0.0,10.655633761536107
-2.745460153467839,4.768622110074547,9419.963865723765,0.0,15.693617250432043
2.3785236834665824,-2.014853853367633,8133.089271967464,0.0,19.438270752632615
1.8792158622353412,-0.6133748508930865,7883.71661752978,0.0,17.005218951315396
1.4786018305332238,-0.727424654895003,2467.2549610316087,0.0,13.219282743186133
2.3782219597638763,0.4214405310445274,3279.6780818228267,0.0,18.096491980667555
2.553121983372634,0.9845122169621034,2221.5395302343354,0.0,19.611051016439735
0.5181024024521204,1.5893232910318447,9475.064301290735,1.0,17.38912636472179
-0.4177048381883819,3.2322856148511088,240.43525640448757,0.0,7.901623587361902
-0.5553201354920869,3.396115100147094,7432.356605858169,0.0,10.298937343712845
-2.1915727202814788,3.6473070999956176,3040.8398674924706,0.0,11.96702964825983
-0.5046527558318648,4.582286379778164,3347.7033560711957,0.0,10.155706488299435
-0.7158362469355604,2.898069599481246,8567.631527266014,0.0,10.520036605829885
-2.008213504358368,4.009073764491828,2572.234399778487,0.0,12.329832302540716
-2.5155849619450588,6.308418847524233,4602.695685408243,1.0,16.750683149972062
0.9966956651571142,-0.3421854670879185,6660.3827336992745,1.0,18.31566402422218
-1.7946161878986844,3.707215607255652,1683.8813672644892,0.0,11.22390286450143
-2.276289093416688,3.214453396481208,9851.924633030396,0.0,13.925369862083658
2.3576362002680957,0.5311028781777172,3380.5387830956292,0.0,18.039616997733315
1.3782097025856368,-0.5981989818404259,7772.172430818426,0.0,14.028608365261187
1.2250574835261965,-0.01694804068854705,6372.929102750958,1.0,19.75771646045819
-2.0102101105476766,2.96795163333901,1887.0614436956912,0.0,11.901004256000894
-1.244035553325799,2.245610054253577,5891.309730050397,0.0,11.328209697087301
2.826692791191669,-0.83674250957229,6188.922516122968,0.0,20.804703047512398
-2.670080302734914,4.192052157582563,276.5119510948466,0.0,11.31173933024373
-0.24563743774470304,0.07318839512747166,8396.747939254066,0.0,11.473147423733161
0.7564943978802678,0.6412825147786699,375.5792720258311,0.0,9.062890032189253
2.2667311702013064,0.9619583450244324,7122.286778700606,1.0,25.870905386098936
-0.19950295539238105,3.2379218414348023,7122.075662512675,1.0,15.672598931935783
0.5775848014764939,-0.18865370068738962,1591.0581175116024,1.0,16.156176039595106
2.8108570295345974,-0.808083069235344,9891.647003097696,0.0,21.535111838008724
0.7319395796896329,2.2205962811674027,8076.982772759803,1.0,17.37842326693298
0.6470351888520351,-0.33527372765746777,3126.5903656111836,0.0,11.379099175622434
1.2257077403041983,1.7409477393256065,240.36723486357658,0.0,10.534432818888016
2.303192756386321,-2.586415917434225,4026.087297558646,0.0,18.447463175121356
-0.9866215696791154,2.7661436098610803,7197.990050566444,0.0,10.444673780035503
0.8975568581687314,-0.21684306545485654,2562.6307336907294,1.0,17.637077270897926
-2.1782439390208124,4.759161504830329,4474.059660960223,0.0,12.925428352501182
-2.7021072827348123,3.61294482187688,961.3162112205787,1.0,16.445069654716896
-0.38975896958773326,1.6901942849035345,4924.685865480821,0.0,11.625364636136855
0.08306159764598764,1.3119795269324341,4675.431626284824,0.0,11.55139773896661
-2.843121363780699,2.4477272037567364,6983.709529205296,1.0,18.965880467688383
1.8084351618550913,1.3962669432471446,7648.040728669428,0.0,16.39252115548247
1.7872317659038517,1.4220833669460107,9497.186361611242,1.0,23.69157223258386
-1.0055956746546886,1.9060870489143527,6390.397923626548,0.0,11.467966685942008
1.6209481865117183,-0.2655137276624999,3045.2588778302825,1.0,21.287225803284745
-0.7578743531002705,2.2896739988395987,669.3576785566057,0.0,8.628713636221484
1.129677816503336,1.4100290598548926,8914.124576998653,1.0,19.588532900876796
1.3582942388471686,0.8985202550457021,2095.88221920048,1.0,17.97692307441595
1.6888613568382578,0.13787249418347972,2057.9891553952302,0.0,13.783408539188851
-2.6010052737069884,4.224685201979005,1988.585658205928,0.0,12.87586245628712
-1.8407828403878905,4.655597177470569,2296.1207634043544,1.0,13.786873714407058
-1.2478724902806533,2.567627088389764,4914.324779048471,1.0,15.192496534275923
2.114294391129497,0.6155143646217734,5046.231214199592,0.0,17.437471226262858
-0.5753260986658417,2.641552728821985,473.0178767856519,0.0,8.2767634321812
1.0657353819205762,1.99007342629167,1712.412519298957,0.0,11.593834998050399
-0.8618027276977847,1.7692597565106187,5321.012468900343,0.0,10.270413392974055
0.5162803590539382,0.5321835584813518,7384.851982530667,1.0,16.81484808041312
0.8464364518518637,-0.6524899204043411,2872.2645256095934,1.0,16.73511584253598
-1.4458962167981821,3.0108286471136076,8357.102034113206,1.0,15.513215680487535
1.6642248698049356,0.8154676813816911,5103.564401714703,0.0,14.806530462399643
-0.15960941717288257,3.6906489271725498,4582.051130428831,0.0,9.420904295870173
-0.8935161378472252,1.1524147529978188,5458.904269148535,1.0,14.863402664907797
-1.0333924114242863,2.1669288783095904,1062.5975456648584,0.0,8.173661361393808
-1.509125884763914,2.96845548508911,243.73295819453244,1.0,11.691283370906145
1.093249048076058,0.5810205133926629,1345.3505711105174,1.0,17.62129632767622
-2.438920579695287,3.926868148971784,9402.770728080413,0.0,14.065218324218165
0.6806611256611115,0.14321819762137133,1341.9349785518807,0.0,10.57907961900247
-0.20493788083098785,1.0633191621955547,8492.603279646934,1.0,15.981794696563988
2.8557486475820495,-0.6198292300988968,3692.8934808830913,0.0,21.380527833066278
0.00931456723627111,1.5473102945278607,8198.870707408076,1.0,16.26478787794303
2.4410755715729913,-0.8658384860017381,9206.503177163962,1.0,26.46213516154772
-0.4962596227037439,1.8349296007445124,7514.323995914617,0.0,11.19668697055693
-0.7831915105189058,1.594043381485178,805.0856364712911,1.0,12.192732840371413
-0.42368458878274584,2.623116551007255,2062.252048565897,1.0,14.111983776386742
-1.0296491882586354,3.3617932212235675,8942.463531023812,0.0,11.479290610504
0.7789790314309917,1.3169094541468318,3972.958162588528,0.0,12.073617140461353
-1.3191129473759247,4.476558878135122,3112.010157208527,0.0,11.152765754680992
0.9975844381866361,0.27138383358116447,2295.348376110979,0.0,11.165058546583433
-0.48253367452338747,3.1087119672670687,6874.070661048015,1.0,15.026942230102247
0.26352409456211445,2.3056092726788817,3420.433011715681,0.0,10.664620442826045
1.2197565188969826,-0.09159940204900985,4134.108272353307,0.0,13.2005790431927
-0.8686459156074315,4.435671705503638,3471.50384132619,0.0,10.227366774719604
-0.035616937146692784,2.8553182158285404,1474.2633741978339,0.0,9.56703338990312
2.0211094614328733,0.2625180680904001,4172.126342174073,0.0,16.791660024288856
0.6945398103439375,2.302725799080839,1560.2781060102077,1.0,16.274196096689057
1.7135430700747651,-0.35986631698636684,4589.207664863836,0.0,14.865325013940424
2.6594932003887024,-0.6755389431163963,7390.198457714135,0.0,20.441219555459682
-2.8908482271610847,4.124273663742595,2086.9604831430756,1.0,17.169790705684687
-2.7632837492027917,3.4291455413148233,1274.2883926064696,0.0,14.223194825726942
-0.3316070207673003,1.3056013065253438,595.0702862945956,1.0,12.767753259795587
-1.2404333138320836,2.731697684212107,6222.646182671319,1.0,15.647741872547321
-1.0438866202057937,4.518614940247536,3953.7997551276817,0.0,10.542417146784524
-1.0839919626438925,3.173893152224911,8915.167996580478,1.0,14.609874366362254
1.6353410406021984,0.33878717303708217,5495.174238508179,1.0,21.763381512232296
0.9905898391663941,0.779003075903359,8844.10811080234,0.0,12.005138478094048
1.2324813721121863,0.43890179482906105,2931.386472230121,1.0,18.454407380066442
2.552612786015043,-2.5629651599425,5793.2189893423365,1.0,27.308151030332134
-2.628700697199417,5.588614508025256,1515.0674738747493,1.0,15.384137212755451
-0.3987092758916617,2.0294280010756447,5937.961009559954,0.0,9.918786066357288
-2.1735554548100504,4.0806826436470125,6533.398395487936,1.0,16.91516612006676
-0.6720370761178471,4.490799210332459,2935.5673016798532,1.0,14.228638883515446
1.0779366585157888,1.6281550787852455,105.97949757999768,0.0,8.068794961747138
-0.013710419794427775,0.7803715832463554,321.2173366506654,0.0,8.23724241354866
-1.9252689096874867,3.5340293375959275,1343.8171948948307,0.0,11.440525609570361
1.9064012681842097,1.7048255652103448,8184.63239793074,0.0,17.318207574995984
2.1466969373844886,0.10346970429604135,1467.0570379350556,1.0,23.259763775141998
-2.081989118060817,4.643547761499938,2338.3975466275774,1.0,15.36217118531061
-2.227538899040589,3.7338209294781106,6195.162738044204,0.0,14.252838088859832
-2.9798939591455875,3.8719247689960596,6295.692615749367,1.0,18.74702671531832
1.1681124918530248,-0.02517186981148789,3442.4366525139194,0.0,12.924623482927256
0.2784346727125864,2.6392758790681574,3297.3024711920107,0.0,11.682365614414493
2.7857718174178387,-0.2677538151244824,3884.1802014510095,0.0,21.475083852644584
-1.9476605681905297,3.223568098926856,3220.6670178552467,0.0,11.161156000828269
1.8396464780766744,0.9135729830660307,2809.9529007136816,1.0,21.755079015964643
2.1326756561100115,0.23211875354347733,5830.232064970388,1.0,24.84212049791717
-1.9824240218968938,3.2768311211244976,7082.694293026628,1.0,15.684614509053457
-1.6319324765777659,3.6942962324116206,746.9986038348708,1.0,13.591109680235807
0.5094887995935791,1.8450989494741254,9897.674982350329,1.0,16.984125270315218
-1.4736770992169477,3.6509174628748884,9197.321309868183,1.0,14.398416901611988
-2.840886068632263,3.6786383667261173,4733.670589487368,0.0,15.186421683089163
-0.9666085624046499,5.586965314043367,5307.819137083174,1.0,14.66974324782483
0.6540142785681544,1.121959832152336,5588.207560593313,0.0,11.292280091082773
2.8499777861192532,-2.15545106681111,8616.973513264173,1.0,30.13581785568169
-1.2423680081804143,2.20066443646713,1350.096847697183,1.0,13.07982635062319
1.5523993647044056,1.132245398456986,2985.2315540955874,0.0,13.8210626299712
1.1842806016962166,1.0639585522222237,5653.586927178241,0.0,13.822817982498629
0.1525944753411541,0.21464651084214426,2257.0446218439442,1.0,15.069650729133278
-0.07791692386812965,2.345427648362955,313.371269960484,1.0,12.666356081786404
0.36581583389593053,2.9551057929636357,1833.1956659449377,1.0,14.822475340900386
1.5936889557142173,2.031055814040102,4554.126367458096,1.0,21.315719044381233
-2.4063648016668346,4.64858928751083,4614.132579305106,0.0,13.366941217548339
-1.3150015535740724,3.6199552739022134,4141.65105867479,1.0,14.407453879502977
0.7091772457441001,0.8242674092937123,3180.2506905850137,0.0,11.908170538129824
0.8129432460307302,0.4101029593575807,5754.499149556515,0.0,11.948562648753605
-1.0576460064238633,4.743610532758742,7057.494877853515,1.0,14.52842834342543
-1.9880142194932224,4.101537950059834,7105.402724452123,0.0,13.091050592715519
-1.5036109759959824,3.651069417648412,9380.033730096686,1.0,14.857305341379515
-2.3582550433155127,4.7434379145362096,4000.5516404815166,1.0,16.176126721321857
2.4188069712174114,-2.0148922045761166,2250.950791455787,1.0,25.63018299503257
-0.46230732902736715,2.981946450811897,6118.829347931207,1.0,15.394502271048808
1.7680162363068002,-0.11720597298657481,6526.147610721064,1.0,22.253033752386397
0.3237414667081775,0.26291839173221465,5130.082248981908,1.0,15.888609873315577
0.5865509356159349,1.8409152576494718,2475.054093001414,0.0,10.653344106967772
0.07635253629934535,0.7292494885196261,2480.3214513168728,0.0,10.437762203512277
2.6282375764339587,-0.38621201713376474,2503.4180119367065,0.0,20.034972617750437
-1.5170687277494803,3.821530523834491,1860.8035813046909,0.0,10.628063608422355
-2.152247241286922,4.859523562606619,6787.260172897421,0.0,13.26784831842478
0.8898165645093861,1.7508666839203395,91.93766870821185,1.0,13.987098059595516
2.6212412889223016,0.7930548778605473,2452.5495140249986,0.0,18.898504755313244
2.1694865880315053,-2.9004786250546735,3918.073087495899,1.0,24.313171891858143
-2.712133001758269,4.377544646255206,7193.812860185111,0.0,15.400305427760541
-2.824425135165586,3.086556559092373,5583.859367569767,1.0,16.907262795691206
-2.9720939658921717,4.8577865690092406,1841.1478754340283,1.0,17.146484216615107
-1.820736237814627,3.3790693908648004,4208.406268163283,0.0,11.899303864318748
-1.0437054684694176,1.3242758777590706,7095.481872377253,0.0,11.740795372379866
1.6860896984558202,0.20062698159750258,1776.1996186298156,0.0,13.317880340318096
-1.8660655732234968,3.246409196855752,8689.601430629109,0.0,12.808264308240883
2.4466457267741895,0.23854659147506474,7668.015329824322,0.0,20.046037742573088
2.9580739403270115,2.9208455938155464,6710.217550747451,1.0,30.602799135718005
1.216501672832604,-0.003907214788520852,3685.8747382223323,0.0,12.886806815618371
-2.6236647176237615,2.67072175481467,7380.227115904947,0.0,14.601597633742422
1.0073117855684517,1.8272500565628698,4578.127288143937,1.0,18.07889375151843
-1.9956252977083075,3.8033023832500215,1082.800812145328,0.0,11.207827403408889
-2.2132852736352753,4.433012938078462,3281.276948902829,0.0,12.125632034285587
0.4940463706669065,2.2169966263315843,5621.617341664535,0.0,10.890987356161974
1.1719887299356744,-0.24410872985613663,2300.673787399721,0.0,11.213396886659188
2.1078391863017947,0.2871116672980073,7146.101303607195,1.0,24.407693328530254
1.7121777318483735,-0.7889528866728202,1725.1708019630796,0.0,14.408817267927203
0.3394406269718315,0.6418074533767943,7431.563938129124,0.0,11.118497621254445
-0.2813458534519091,3.9367127179012718,7541.503698658128,1.0,15.51646567280303
1.7416546241541013,-0.055449596176338045,4401.595898183475,0.0,15.873012510332789
0.9045903692142616,0.12393671608818135,1933.4521073141386,0.0,11.632695680933985
1.60569300575332,2.1921879429147446,7723.821339759671,0.0,14.996923629117202
2.8242770696709467,-0.34132383634947533,3632.4626069620367,1.0,28.93229517285881
2.6089179170945673,-2.086481000071161,7951.92009998767,0.0,20.800963558316237
-0.18902473797294306,1.2717854112287927,1283.8785778336048,0.0,8.45739189503726
-1.5650837223878666,2.3495128865286325,2721.111831919305,1.0,13.785616015473574
-2.8637817020551335,4.677900580051279,7433.126746405785,0.0,15.349835099594127
2.2740574161970466,-0.4268176889675196,4027.403342839392,1.0,24.731615745997804
-0.15496250717689009,3.303090837311314,4068.5980335929085,0.0,10.604687200669652
-0.13754831184629834,3.1010154433203407,9060.543405891262,0.0,11.355570762334954
-1.587122364720149,1.081368520168898,4707.276029623934,0.0,12.209352216008417
1.0845304426058782,-0.385568759654632,985.2857537565274,0.0,10.425682551441856
2.6841828780632904,-3.098176739742877,1400.6575169054802,0.0,20.22491715945701
-0.15196668899483345,2.3530050176738064,4908.427814013024,1.0,14.878292731341894
2.0332858219949115,0.1667669112182301,1089.5179417991385,1.0,21.186179936119867
0.5952838951721651,0.7480622408050857,631.3575634432733,1.0,14.766293048402677
-0.16953131752570139,2.454585861327893,9217.230087003745,1.0,16.465423578675757
-0.6399940543231928,2.583387631745697,4227.79201753967,1.0,14.772655115797996
1.5853763386152089,0.7657668028098582,4732.00771032929,0.0,14.355477460816346
1.4307178780490721,0.5758815359174433,6279.575348885992,1.0,20.156259863953046
2.428713805940532,0.36382975273983664,1361.5601372430385,1.0,25.756397823355023
-1.2385727933427564,4.062113804974986,3972.765433862794,1.0,14.486403587426599
-2.9382926724339002,5.067175159208435,7735.455694017393,1.0,18.511306407596958
-0.04791659453122943,4.114675242774008,8771.115189334416,0.0,11.24811676137342
-0.5459453905331868,1.254629303618671,2641.4483565920964,1.0,13.724853261797534
-2.6967062037583336,5.625322829501788,2177.3584215805663,1.0,15.95667884946013
-0.3797292178303904,3.370763318186203,3676.915323363653,1.0,16.110012709481964
0.9773811252271956,2.815885478469482,6868.5107856452805,1.0,19.033941351755537
2.4388490218837884,-0.016566529206156533,5756.041126750116,1.0,26.10487808318192
2.0551074390352904,0.895398666783954,2984.533970584623,1.0,23.441239539512026
-1.2063696522912004,2.009921235483289,2374.7298962223626,0.0,9.448228156836986
0.6855007628521372,1.7930051374579488,8552.73341352886,1.0,18.3184694972781
-2.881387713210686,4.478735495238672,3046.9651715567916,1.0,17.26539261822927
-1.6807614298950189,4.5539963309408895,1534.2748288033924,0.0,11.237525816528345
-2.0940928861048427,4.356577264151411,9131.780729872728,0.0,13.463295386582248
-1.3808161942334174,3.3736507731103447,1819.8230177143405,1.0,13.965432523125884
2.961811673812024,-1.4631834363411569,2793.382747318377,1.0,29.54501602846341
1.6656221307248602,1.66005345887759,6909.1874196699455,1.0,21.78505677071247
-2.767023887022895,4.917354071713126,4369.515046338901,1.0,17.811667327978014
-1.4210095826780478,2.6828164332560624,3250.086339578081,0.0,10.73262494941982
-0.8314179074965353,3.040654814660461,7742.999574704618,1.0,15.123365470755191
-1.0377800513789532,1.39641391788221,6702.983471479961,0.0,10.158931493888424
1.9168585291985227,-0.8630720872061285,4582.20844543023,0.0,16.32421270152055
-1.8719618936725828,3.6513990565588412,1082.578898140426,0.0,9.730230338497206
-0.6442682638615302,1.8537212536455543,6393.077530285628,1.0,14.806453419056945
2.6543898827263055,-0.9151579910601635,3297.7478297004004,1.0,27.887456898618574
0.22536006539219722,1.5069498983096166,7463.4327159228005,1.0,16.31411175791885
